,CITY,COUNTRY,CREATED,DOB,EMAIL,GENDER,HOBBIES,IMAGES,LAT,LOGIN,LONG,NAME,PHONE,TOB,UID,PASSWORD,PROFESSION,BIRTH_CITY,BIRTH_COUNTRY,NOTIFICATIONS,DESTINY_CHATS
0,mumbai,india,2025-06-08 00:59:17,1965-11-02,srk.kingkhan@example.com,male,"cricket,computer games,reading,collecting gadgets,traveling","https://match-bucket-2025.s3.ohio-east-2.amazonaws.com/profile_pictures/aa08972c-4b6a-421d-b0d5-86a2638020c6/image-0.png,https://match-bucket-2025.s3.ohio-east-2.amazonaws.com/profile_pictures/aa08972c-4b6a-421d-b0d5-86a2638020c6/image-1.png",28.6430858,2025-06-11 21:39:15,77.2192671,shah rukh khan,9000000001,14:30:00,aa08972c-4b6a-421d-b0d5-86a2638020c6,srkMagic123,actor,new delhi,india,https://match-bucket-2025.s3.ohio-east-2.amazonaws.com/notifications/aa08972c-4b6a-421d-b0d5-86a2638020c6_notifications.yaml,
1,mumbai,india,2025-06-08 00:59:29,1988-05-01,anushka.sharma@example.com,female,"cooking,fitness,traveling,reading,photography,yoga","https://match-bucket-2025.s3.ohio-east-2.amazonaws.com/profile_pictures/ac02ee31-0f65-48e8-9f94-22f574d85700/image-0.png,https://match-bucket-2025.s3.ohio-east-2.amazonaws.com/profile_pictures/ac02ee31-0f65-48e8-9f94-22f574d85700/image-1.png,https://match-bucket-2025.s3.ohio-east-2.amazonaws.com/profile_pictures/ac02ee31-0f65-48e8-9f94-22f574d85700/image-2.png,https://match-bucket-2025.s3.ohio-east-2.amazonaws.com/profile_pictures/ac02ee31-0f65-48e8-9f94-22f574d85700/image-3.png",26.7990707,2025-06-08 05:56:17,82.2052321,anushka sharma,9000000002,09:15:00,ac02ee31-0f65-48e8-9f94-22f574d85700,sobhitad92!,actress,ayodhya,india,,
2,mumbai,india,2025-06-08 00:59:41,1993-03-15,alia.bhatt@example.com,female,"singing,acting,reading,drawing,traveling,hosting","https://match-bucket-2025.s3.ohio-east-2.amazonaws.com/profile_pictures/67e78259-685f-42a8-98ad-e41bdb60a9f4/image-0.png,https://match-bucket-2025.s3.ohio-east-2.amazonaws.com/profile_pictures/67e78259-685f-42a8-98ad-e41bdb60a9f4/image-1.png,https://match-bucket-2025.s3.ohio-east-2.amazonaws.com/profile_pictures/67e78259-685f-42a8-98ad-e41bdb60a9f4/image-2.png",19.054999,2025-06-11 19:15:14,72.8692035,alia bhatt,9000000003,10:45:00,67e78259-685f-42a8-98ad-e41bdb60a9f4,aliaB@hatt93,actress,mumbai,india,https://match-bucket-2025.s3.ohio-east-2.amazonaws.com/notifications/67e78259-685f-42a8-98ad-e41bdb60a9f4_notifications.yaml,
3,mumbai,india,2025-06-08 00:59:50,1982-07-18,priyanka.chopra@example.com,female,"dancing,philanthropy,fitness,reading,traveling,fashion","https://match-bucket-2025.s3.ohio-east-2.amazonaws.com/profile_pictures/63047d6c-98a9-4690-a07f-5b2b5f360bbb/image-0.png,https://match-bucket-2025.s3.ohio-east-2.amazonaws.com/profile_pictures/63047d6c-98a9-4690-a07f-5b2b5f360bbb/image-1.png,https://match-bucket-2025.s3.ohio-east-2.amazonaws.com/profile_pictures/63047d6c-98a9-4690-a07f-5b2b5f360bbb/image-2.png,https://match-bucket-2025.s3.ohio-east-2.amazonaws.com/profile_pictures/63047d6c-98a9-4690-a07f-5b2b5f360bbb/image-3.png",22.8015194,2025-06-11 21:37:43,86.2029579,priyanka chopra,9000000004,08:20:00,63047d6c-98a9-4690-a07f-5b2b5f360bbb,pcChopra!82,actress,jamshedpur,india,https://match-bucket-2025.s3.ohio-east-2.amazonaws.com/notifications/63047d6c-98a9-4690-a07f-5b2b5f360bbb_notifications.yaml,
4,mumbai,india,2025-06-08 01:00:04,1992-05-31,sobhita.d@example.com,female,"dancing,reading,fashion,yoga,traveling,photography","https://match-bucket-2025.s3.ohio-east-2.amazonaws.com/profile_pictures/f0dc5010-8812-46df-8299-465c1bd4fb6b/image-0.png,https://match-bucket-2025.s3.ohio-east-2.amazonaws.com/profile_pictures/f0dc5010-8812-46df-8299-465c1bd4fb6b/image-1.png,https://match-bucket-2025.s3.ohio-east-2.amazonaws.com/profile_pictures/f0dc5010-8812-46df-8299-465c1bd4fb6b/image-2.png",16.2377735,2025-06-11 21:40:10,80.6464219,sobhita dhulipala,9000000005,11:00:00,f0dc5010-8812-46df-8299-465c1bd4fb6b,sobhitaD92!,actress,tenali,india,https://match-bucket-2025.s3.ohio-east-2.amazonaws.com/notifications/f0dc5010-8812-46df-8299-465c1bd4fb6b_notifications.yaml,
5,mumbai,india,2025-06-08 01:00:12,1970-10-08,gauri.khan@example.com,female,"interior design,fashion,cooking,reading,traveling,gardening","https://match-bucket-2025.s3.ohio-east-2.amazonaws.com/profile_pictures/c1c90e96-d17e-4bb7-8d92-c5f7d26afe4c/image-0.png,https://match-bucket-2025.s3.ohio-east-2.amazonaws.com/profile_pictures/c1c90e96-d17e-4bb7-8d92-c5f7d26afe4c/image-1.png",28.6430858,2025-06-08 17:24:56,77.2192671,gauri khan,9000000006,07:45:00,c1c90e96-d17e-4bb7-8d92-c5f7d26afe4c,gauriKhan70,producer,new delhi,india,,
6,mumbai,india,2025-06-08 01:00:22,1977-09-25,divya.dutta@example.com,female,"writing,reading,traveling,photography,cooking,gardening","https://match-bucket-2025.s3.ohio-east-2.amazonaws.com/profile_pictures/8331253c-7e0a-4082-85f5-561dd0c2a758/image-0.png,https://match-bucket-2025.s3.ohio-east-2.amazonaws.com/profile_pictures/8331253c-7e0a-4082-85f5-561dd0c2a758/image-1.png,https://match-bucket-2025.s3.ohio-east-2.amazonaws.com/profile_pictures/8331253c-7e0a-4082-85f5-561dd0c2a758/image-2.png",30.9090157,2025-06-08 01:00:22,75.851601,divya dutta,9000000008,12:10:00,8331253c-7e0a-4082-85f5-561dd0c2a758,divyaDutta77,actress,ludhiana,india,,
7,mumbai,india,2025-06-08 01:02:03,1976-01-27,shreyas.talpade@example.com,male,"cricket,singing,traveling,reading,acting,cooking","https://match-bucket-2025.s3.ohio-east-2.amazonaws.com/profile_pictures/ef2b6523-c8de-44e4-b439-cce9463caf45/image-0.png,https://match-bucket-2025.s3.ohio-east-2.amazonaws.com/profile_pictures/ef2b6523-c8de-44e4-b439-cce9463caf45/image-1.png",19.054999,2025-06-08 01:02:03,72.8692035,shreyas talpade,9000000009,15:20:00,ef2b6523-c8de-44e4-b439-cce9463caf45,shreyasT@76,actor,mumbai,india,,
8,mumbai,india,2025-06-08 01:02:18,1985-01-16,sidharth.m@example.com,male,"fitness,traveling,reading,gaming,cooking,photography","https://match-bucket-2025.s3.ohio-east-2.amazonaws.com/profile_pictures/7dd38dbc-fda3-4550-9d46-792717a5d226/image-0.png,https://match-bucket-2025.s3.ohio-east-2.amazonaws.com/profile_pictures/7dd38dbc-fda3-4550-9d46-792717a5d226/image-1.png,https://match-bucket-2025.s3.ohio-east-2.amazonaws.com/profile_pictures/7dd38dbc-fda3-4550-9d46-792717a5d226/image-2.png,https://match-bucket-2025.s3.ohio-east-2.amazonaws.com/profile_pictures/7dd38dbc-fda3-4550-9d46-792717a5d226/image-3.png",28.6273928,2025-06-11 15:16:39,77.1716954,sidharth malhotra,9000000010,10:05:00,7dd38dbc-fda3-4550-9d46-792717a5d226,sidMalhotra85,actor,delhi,india,https://match-bucket-2025.s3.ohio-east-2.amazonaws.com/notifications/7dd38dbc-fda3-4550-9d46-792717a5d226_notifications.yaml,
9,mumbai,india,2025-06-08 01:02:29,1974-01-10,hrithik.roshan@example.com,male,"dancing,fitness,reading,music,traveling,photography","https://match-bucket-2025.s3.ohio-east-2.amazonaws.com/profile_pictures/6ad3d5aa-ad06-4c46-869f-f36bbbd99922/image-0.png,https://match-bucket-2025.s3.ohio-east-2.amazonaws.com/profile_pictures/6ad3d5aa-ad06-4c46-869f-f36bbbd99922/image-1.png",19.054999,2025-06-11 06:27:44,72.8692035,hrithik roshan,9000000021,12:15:00,6ad3d5aa-ad06-4c46-869f-f36bbbd99922,hrithikR@1974,actor,mumbai,india,None,
10,central city,bulgaria,2025-06-08 02:30:27,2022-04-09,roshan.151tiwari@gmail.com,male,"Fitness,Dancing,Technology,Music","https://match-bucket-2025.s3.ohio-east-2.amazonaws.com/profile_pictures/35889947-9d5a-4a03-ade9-5bb5540c8acb/image-0.png,https://match-bucket-2025.s3.ohio-east-2.amazonaws.com/profile_pictures/35889947-9d5a-4a03-ade9-5bb5540c8acb/image-1.png,https://match-bucket-2025.s3.ohio-east-2.amazonaws.com/profile_pictures/35889947-9d5a-4a03-ade9-5bb5540c8acb/image-2.png",-27.4689623,2025-06-11 20:03:41,153.0235009,roshan tiwari,4694656295,06:29:00,35889947-9d5a-4a03-ade9-5bb5540c8acb,yuiop,coder,brisbane,australia,https://match-bucket-2025.s3.ohio-east-2.amazonaws.com/notifications/35889947-9d5a-4a03-ade9-5bb5540c8acb_notifications.yaml,
11,mumbai,india,2025-06-08 04:47:43,1982-09-28,ranbir.kapoor@example.com,male,"football,traveling,watching movies,music,gym workouts,cooking","https://match-bucket-2025.s3.ohio-east-2.amazonaws.com/profile_pictures/9aae3cb1-f6dc-4201-b98d-eb25ca67e046/image-0.png,https://match-bucket-2025.s3.ohio-east-2.amazonaws.com/profile_pictures/9aae3cb1-f6dc-4201-b98d-eb25ca67e046/image-1.png",19.054999,2025-06-11 20:33:42,72.8692035,ranbir kapoor,90000048,12:40:00,9aae3cb1-f6dc-4201-b98d-eb25ca67e046,ranbirK@1982,actor,mumbai,india,None,
12,ahmedabad,india,2025-06-08 04:52:46,1996-03-17,pk@pk.com,male,"Technology,Swimming,Movies,Cooking,Gaming,Music","https://match-bucket-2025.s3.ohio-east-2.amazonaws.com/profile_pictures/4988ebe1-b7b9-4802-bb5b-e54c3263cf56/image-0.png,https://match-bucket-2025.s3.ohio-east-2.amazonaws.com/profile_pictures/4988ebe1-b7b9-4802-bb5b-e54c3263cf56/image-1.png",23.0215374,2025-06-08 04:53:01,72.5800568,pk,4018866284890,07:00:00,4988ebe1-b7b9-4802-bb5b-e54c3263cf56,qwerty@123,game developer,ahmedabad,india,,
13,fort worth,united states,2025-06-08 05:21:40,1997-09-18,parshwashah@funasiadigital.com,male,"Gaming,Technology",,23.0215374,2025-06-08 05:22:20,72.5800568,parshwa,+1 (682) 320-6294,22:19:00,9cb1d479-b1b6-4adc-9e94-d244af2fcee0,Parshwa,none,ahmedabad,india,,
14,fort worth,united states,2025-06-08 17:37:04,1996-01-01,teddytiango@gmail.com,male,"Movies,Gaming,Music,Fitness",https://match-bucket-2025.s3.ohio-east-2.amazonaws.com/profile_pictures/17cb74c7-4b34-48f3-9da8-bb4a6d24d769/image-0.png,28.6273928,2025-06-09 20:57:28,77.1716954,shahrukh khan,2179790485,12:35:00,17cb74c7-4b34-48f3-9da8-bb4a6d24d769,Kiryufan1,data scientist,delhi,india,,
15,dallas,united states,2025-06-08 20:22:21,1996-01-01,shah.parshwa1997@gmail.com,male,"Technology,Art,Dancing,Traveling,Cooking",https://match-bucket-2025.s3.ohio-east-2.amazonaws.com/profile_pictures/f58ea8c0-e1c4-48f7-b226-a721d755891e/image-0.png,21.1498134,2025-06-08 20:23:01,79.0820556,parshwa shah,6823206294,15:21:00,f58ea8c0-e1c4-48f7-b226-a721d755891e,123456,software engineer,nagpur,india,,
16,mumbai,india,2025-06-10 03:21:31,1972-11-26,arjun.rampal@example.com,male,"fitness,reading,traveling,photography,music,biking","https://match-bucket-2025.s3.ohio-east-2.amazonaws.com/profile_pictures/73a4e3fe-3025-4799-8ede-a1b753f7caae/image-0.png,https://match-bucket-2025.s3.ohio-east-2.amazonaws.com/profile_pictures/73a4e3fe-3025-4799-8ede-a1b753f7caae/image-1.png,https://match-bucket-2025.s3.ohio-east-2.amazonaws.com/profile_pictures/73a4e3fe-3025-4799-8ede-a1b753f7caae/image-2.png",23.1701522,2025-06-11 22:59:50,79.9324505,arjun rampal,9000000036,02:30:00,73a4e3fe-3025-4799-8ede-a1b753f7caae,arjunR@1972,actor,jabalpur,india,https://match-bucket-2025.s3.ohio-east-2.amazonaws.com/notifications/73a4e3fe-3025-4799-8ede-a1b753f7caae_notifications.yaml,
17,lucknow,india,2025-06-11 02:10:53,1985-03-19,rkt200000@utdallas.edu,male,"Music,Gardening","https://match-bucket-2025.s3.ohio-east-2.amazonaws.com/profile_pictures/f79a96c3-6caf-43de-9773-0b7d3d8dbc5f/image-0.png,https://match-bucket-2025.s3.ohio-east-2.amazonaws.com/profile_pictures/f79a96c3-6caf-43de-9773-0b7d3d8dbc5f/image-1.png",26.8381,2025-06-11 02:10:53,80.9346001,raj kumar,5646568456,11:10:00,f79a96c3-6caf-43de-9773-0b7d3d8dbc5f,asdfg,marketing head,lucknow,india,,
